configuration_id,model_variant_id,participant_count,fold_count,mean_participant_macro_f1,macro_f1_ci_lower,macro_f1_ci_upper,worst_participant_macro_f1,lower_decile_participant_macro_f1,mean_participant_balanced_accuracy,balanced_accuracy_ci_lower,balanced_accuracy_ci_upper,worst_participant_balanced_accuracy,lower_decile_participant_balanced_accuracy,fold_mean_macro_f1_mean,fold_mean_macro_f1_standard_deviation,negative_log_likelihood,multiclass_brier_score,ece_descriptive_weighted_fold_mean,best_epoch_median
compact_residual_96--2c62b52d708a,compact_residual_96,10,5,0.7859144928966605,0.6787889754615907,0.8908159676402627,0.5555230455384065,0.5695217040243062,0.8116286936359401,0.7235006240672908,0.8991303542002819,0.6455026455026455,0.648478835978836,0.7859144928966605,0.13717747640938655,0.5811884008288005,0.3283770831238935,0.15482488554099513,23.0
compact_residual_96_coral_0p01--68db668cd3d1,compact_residual_96_coral_0p01,10,5,0.7841212311692131,0.6845635967391,0.8831443795793015,0.5555230455384065,0.5695217040243062,0.8120450303856102,0.7299771055098954,0.8934081229425431,0.6488095238095238,0.6528809523809523,0.7841212311692131,0.12404838690067112,0.5887848187645487,0.3229958801744172,0.15161381762603235,23.0
dann_compact_residual_96_established_lambda_0p1_grl_1p0_warmup_10--71935e191997,dann_compact_residual_96_established_lambda_0p1_grl_1p0_warmup_10,10,5,0.8004225679388528,0.7127065966785499,0.8843896338799062,0.5710771105227396,0.6069128660931913,0.8175991035266398,0.7465078375462434,0.8894919817702428,0.6533333333333333,0.6716825396825398,0.8004225679388528,0.10994918685452913,0.5498445865692508,0.2957803990639888,0.12742740557111543,23.0
deepconvlstm--9d742cc9d801,deepconvlstm,10,5,0.5566783893099677,0.5252086073680209,0.597064927735124,0.49473034678514133,0.5078063680118474,0.6195758377425045,0.5879552185267766,0.6534184345378186,0.5478260869565217,0.5561794340924775,0.5566783893099677,0.04210852590343395,0.7733173610978041,0.4659717663046399,0.12229580159845024,13.0
deepconvlstm--b34c04845d41,deepconvlstm,10,5,0.5945871216734857,0.5446160053703876,0.6434987088419316,0.4456937799043062,0.5143875598086124,0.6448256247241754,0.6063259275212174,0.6779418935600096,0.4975837742504409,0.6015440917107583,0.5945871216734856,0.07131467872437208,0.6400693295597543,0.3913041352196488,0.045538041961604166,11.0
legacy_bilstm_h192--fb3a1b40113f,legacy_bilstm_h192,10,5,0.6614774248265458,0.6188601436743614,0.7079342862178896,0.5733960085766122,0.5751791198292557,0.6778722812346001,0.6332610468034381,0.7215525620112577,0.5588405797101449,0.5777412008281574,0.6614774248265458,0.029635601675682792,0.6715385426009373,0.4022449123714772,0.10846916889322214,13.0
legacy_cnn1d_h128--7d5af8ec36f4,legacy_cnn1d_h128,10,5,0.7310058742541214,0.6456394285582507,0.824383682791428,0.5366876310272537,0.5830561702394931,0.7545018609946145,0.6815052887933323,0.8370848485250659,0.6282051282051282,0.6323076923076922,0.7310058742541214,0.14005165143435053,0.5337032884959191,0.33654700342863103,0.12350773918217627,6.0
legacy_cnn1d_h128--8e57838b6dcd,legacy_cnn1d_h128,10,5,0.7552968469172493,0.6628478394892768,0.8488223246112172,0.5380116959064327,0.5656785642266585,0.7903937117632769,0.7192313974270498,0.865206333434413,0.6527777777777778,0.6550555555555556,0.7552968469172494,0.12736840053396087,0.5121835756673213,0.3234470761759811,0.1428214166904318,5.0
legacy_joint_bilstm256_cnn128--049dc59665fd,legacy_joint_bilstm256_cnn128,10,5,0.7890094628033719,0.7042955854523458,0.8774006974482722,0.5625802243124381,0.6562580224312438,0.8039999428912472,0.7313228968294185,0.8823487374273606,0.6408818342151675,0.6831358024691357,0.7890094628033719,0.1390056942731319,0.4923136964235714,0.2939991508196059,0.0978234928640826,34.0
logistic_regression--274ba21c48ba,logistic_regression,10,5,0.6266169145525945,0.5371981530446948,0.71227387516079,0.3707692307692308,0.42091387959866217,0.6513554177974468,0.5594931673332035,0.7345316859871207,0.3791304347826087,0.41584955141476887,0.6266169145525945,0.13085356219074834,0.9079635121472678,0.5105108155034476,0.2216535538532991,
more_har_augmentation--a51fbddd208d,more_har_augmentation,10,5,0.779892450164293,0.6772480935172113,0.8781617658717726,0.5361831173147226,0.5467027273158879,0.7983930050089469,0.7098506691778431,0.883318774019861,0.5808695652173913,0.5941028295376122,0.7798924501642931,0.137735262787223,0.5123725840489712,0.3207250630146251,0.14871058081758431,18.0
more_har_augmentation_plus_content--a43106244ae1,more_har_augmentation_plus_content,10,5,0.7905649035254669,0.6855549187353333,0.8876635069787832,0.5188536953242836,0.5449086253463817,0.8093455412006136,0.7214406133319178,0.8926072095242386,0.609855072463768,0.6197632850241546,0.7905649035254669,0.1351232295644847,0.47877595298325365,0.2935834437198266,0.11884857502476921,34.0
more_har_augmentation_plus_content_plus_factorization--34ed274093cd,more_har_augmentation_plus_content_plus_factorization,10,5,0.7345915025194352,0.6335372867747459,0.8407604346152717,0.530262383039979,0.5593924354870965,0.7635285508908697,0.6787880189858451,0.8539389784397031,0.5953623188405798,0.6156949620427882,0.7345915025194353,0.14977952515476994,0.5282209409775103,0.33089428354984385,0.13445330492381394,18.0
more_har_backbone--b0a97d9f714e,more_har_backbone,10,5,0.7424577775765654,0.6628055545707288,0.8194020333193666,0.5200416867083533,0.5853375020041687,0.7581160707247664,0.6866900755310176,0.8283238954684605,0.5602998236331569,0.6132607515940849,0.7424577775765654,0.11232059643962866,0.6162875683613375,0.3776313695883824,0.16232521118788884,25.0
more_har_full--fa82e7d61587,more_har_full,10,5,0.7923957998638926,0.6898484179144567,0.8873885053201309,0.5467501815541032,0.5601544702102048,0.809580269435342,0.7236195470659239,0.8913872539966743,0.6115873015873016,0.623071773636991,0.7923957998638927,0.1361089726928861,0.47000770435573563,0.29056625445795126,0.12535474127736587,27.0
more_har_full_zero_channels_0_1_2--6207c4fa1638,more_har_full_zero_channels_0_1_2,10,5,0.6563135771058454,0.5953663529756267,0.7297401459613913,0.5206552706552706,0.5750924463078002,0.6839460188228303,0.6305541289024985,0.7483117519825854,0.5710405643738977,0.5994117487450821,0.6563135771058455,0.0649519481798932,0.6018908015611338,0.38751120324915705,0.10137719540760437,24.0
more_har_full_zero_channels_3_4_5--4cfb458c7d46,more_har_full_zero_channels_3_4_5,10,5,0.5837828414633086,0.4905097832922158,0.6916274900232001,0.3036657169990504,0.4773053472101092,0.6612962815499047,0.5716978310269977,0.7518898960674322,0.3466666666666667,0.5798095238095239,0.5837828414633085,0.06146614882230177,0.690230030203674,0.43338259194343143,0.13367216089676168,8.0
more_har_groupdro--26d4d21386e6,more_har_groupdro,10,5,0.7847152355772867,0.7163993302993712,0.8499864710394008,0.5925925925925926,0.6304777550720573,0.7948875153295443,0.7326080014054652,0.8551988173595056,0.6241622574955908,0.6544797178130511,0.7847152355772866,0.10310601726694853,0.5483049125577996,0.3383656605869664,0.15924714059665288,26.0
random_forest--92126a61caee,random_forest,10,5,0.7035195790276182,0.6125271546309,0.7978412956820632,0.492750913924892,0.5277512818686796,0.7389251087077173,0.6606625793691012,0.8187192569373729,0.5373913043478261,0.6037708764665286,0.7035195790276182,0.13764205046029485,0.47333688815702674,0.3150303030441033,0.12980748452634816,
static_dual_branch_matched--56e188fb9b96,static_dual_branch_matched,10,5,0.6506983301650725,0.5836261596648421,0.7263483233574811,0.49659863945578236,0.5489358820451257,0.7019643048845947,0.663259506040122,0.7577842897842898,0.6388405797101449,0.6408071348940914,0.6506983301650725,0.10651681040648389,0.6339074123769108,0.40463362629761684,0.14102651402868072,18.0
svm_rbf--78919913d9ed,svm_rbf,10,5,0.6776374656863071,0.5676801724848626,0.7828811198472904,0.352140856342537,0.5253433959790813,0.6937239797239798,0.5832993622520797,0.7950481845047063,0.3501449275362319,0.5223795721187026,0.6776374656863071,0.1680792889150326,0.6987741181127829,0.43064582500085136,0.1492668879055485,
xgboost--e3184e63de22,xgboost,10,5,0.6728155535710119,0.5828647090446082,0.7704769193566119,0.4829778065072183,0.5282977806507219,0.7200367565874812,0.6446604444937779,0.8002673414749503,0.5217391304347826,0.5933643892339545,0.6728155535710119,0.15097315016863935,0.7801077201333091,0.42149584698361664,0.2081241357326508,
