reference_model_id,participant_count,candidate_minus_reference_mean,candidate_minus_reference_median,paired_standardized_effect,rank_biserial_effect,holm_adjusted_permutation_p_value,holm_adjusted_wilcoxon_p_value
random-forest,10,0.01783503981984059,0.05151534305602312,0.14105875500282447,0.3090909090909091,1.0,1.0
xgboost,10,0.00654140818471341,-0.012842967121878768,0.06715792306902785,0.05454545454545454,1.0,1.0
svm-rbf,10,0.05463271325191442,0.037159048490946645,0.5007134789599202,0.41818181818181815,1.0,1.0
logistic-regression,10,0.025566318375577345,0.0032391961254527035,0.31125690625531394,0.23636363636363636,1.0,1.0
legacy-cnn1d,10,0.15041031592215576,0.19328722077595561,1.628595007968278,1.0,0.025390625,0.025390625
legacy-bilstm,10,0.20141936663207133,0.23244537178388902,1.4881120762857527,0.9636363636363636,0.04296875,0.04296875
legacy-joint-cnn-bilstm,10,-0.005658140207388829,0.013114322049334382,-0.066694651936786,0.09090909090909091,1.0,1.0
deepconvlstm,10,0.23878222987730754,0.2490385255898844,1.9807983127294928,1.0,0.025390625,0.025390625
compact-erm,10,-0.04236139225360594,-0.03802895888460514,-0.5179306315728797,-0.6,1.0,0.84375
compact-coral,10,-0.045455950522895125,-0.038851077036291204,-0.4131235111949982,-0.5272727272727272,1.0,1.0
compact-dann,10,-0.04551156373003033,-0.04053564845959748,-0.6019787160527096,-0.6363636363636364,0.720703125,0.755859375
static-dual-branch-matched,10,0.18250823992738252,0.19829173136037614,1.4449695320692477,0.9636363636363636,0.04296875,0.04296875
more-har-groupdro,10,-0.008184910150640429,-0.005006808876865859,-0.17111717207859423,-0.34545454545454546,1.0,1.0
