model_id,mean_participant_macro_f1,macro_f1_ci_lower,macro_f1_ci_upper,worst_participant_macro_f1,lower_decile_participant_macro_f1,mean_window_balanced_accuracy,mean_window_macro_f1,mean_negative_log_likelihood,mean_multiclass_brier_score,mean_ece,mean_aurc,mean_recall_mobility,mean_recall_sitting,mean_recall_standing
compact-dann,0.6808438411858967,0.5391426479520744,0.8093204102672252,0.2699333180331205,0.3558591901701192,0.7066050058587371,0.7067912708364406,0.8812783937938169,0.43214347119946783,0.06235803989778203,0.14644025423187865,0.5686567164179104,0.7928571428571429,0.7583011583011583
compact-coral,0.6807882279787615,0.5376807878490977,0.8152912535121245,0.27407764609437235,0.366990232199266,0.7055778059509403,0.7057664442717325,0.7850328575947537,0.42039423934074555,0.06105479213918583,0.14753108322072794,0.5656716417910448,0.8321428571428573,0.7189189189189189
compact-erm,0.6776936697094723,0.5373298669463178,0.8065321450798044,0.2724677438127833,0.3541379318489455,0.7037693770529592,0.7040968353418874,0.8654514367212727,0.431987360286379,0.05562478434894378,0.14662401512524198,0.567910447761194,0.8028571428571428,0.7405405405405406
more-har-content,0.6616324574313983,0.5115897419097124,0.7946684856675049,0.256551257496369,0.28085346325404764,0.690280643116464,0.6909383619510703,0.955256052528941,0.4497382908006474,0.07267959209518338,0.16374879261609504,0.5791044776119403,0.6685714285714285,0.8231660231660232
more-har-backbone,0.6482482860225428,0.5068973211836438,0.7773737677473016,0.26304156869964984,0.3025964710411835,0.6735526998213565,0.674169746992446,1.2869157141495875,0.525158621823657,0.1287722272893638,0.21398566888341403,0.5932835820895522,0.7957142857142857,0.6316602316602316
more-har-groupdro,0.6435171876065068,0.5009282630356928,0.7721409455564062,0.26744997578568636,0.2867525887502063,0.6700673274553872,0.6709865377438106,1.2581106129678967,0.5185322401202874,0.10864597311412375,0.21356934878241712,0.5902985074626865,0.7449999999999999,0.674903474903475
legacy-joint-cnn-bilstm,0.6409904176632553,0.5090613252331238,0.763294976069625,0.2942991381587873,0.3255259413108129,0.6625434603046544,0.6680062970536863,1.1606179090161757,0.49801592375558085,0.09723568189056125,0.22176480462215425,0.6059701492537314,0.7214285714285714,0.6602316602316602
more-har-full,0.6353322774558664,0.49113320880655525,0.766544870383485,0.25839434811261436,0.26598671676834584,0.6642723640484834,0.6659593324570567,1.2793339642401946,0.5050387371235467,0.0946332113202369,0.20213507609334033,0.5805970149253732,0.6778571428571428,0.7343629343629343
xgboost,0.628790869271153,0.4653807691260896,0.7807711929676546,0.23005394180053002,0.27946448561643683,0.6537083885591348,0.6601681125255754,0.7929873162684005,0.4514563267926609,0.0921425898293948,0.1595221804231617,0.6037313432835821,0.6778571428571428,0.6795366795366796
random-forest,0.6174972376360258,0.44020439110918297,0.7851792785308992,0.17872896010811307,0.23448593415543897,0.6429152500048023,0.6503373782607383,0.8567054709069908,0.4567740583341207,0.10853965797748055,0.15124188377395534,0.5977611940298507,0.6607142857142858,0.6702702702702702
logistic-regression,0.6097659590802891,0.4456469440381062,0.7571893760431628,0.21516339869281045,0.26022770707724335,0.6364778424479917,0.642672186494003,0.7832447144197643,0.4692152963769531,0.06476985390220213,0.19197317063348776,0.6007462686567164,0.6214285714285714,0.6872586872586872
svm-rbf,0.580699564203952,0.4490406184116268,0.7051600854635495,0.2768542199488491,0.30103046150322554,0.607626923298565,0.6147080116423181,0.9217472955773571,0.5421184113876518,0.03333086557325955,0.26427747241333965,0.6082089552238806,0.5428571428571428,0.6718146718146718
more-har-augmentation,0.5633553039283979,0.44449640121522055,0.6708136750789773,0.25627290314928575,0.28607641021100644,0.611177510132734,0.5902025330494266,1.2441540284763564,0.542896490377154,0.12564314554598868,0.24372256173830756,0.6261194029850746,0.4514285714285714,0.7559845559845559
more-har-factorized,0.5600253706046943,0.4407632641171654,0.6666534477079562,0.24370506895450292,0.2832295403691882,0.607588313259955,0.5882063420796947,1.2882922253532345,0.5430205266668369,0.11248661992694967,0.24056701846251305,0.6082089552238805,0.4871428571428572,0.7274131274131275
legacy-cnn1d,0.4849219615337107,0.3733151486643973,0.58416006667323,0.19708343632964304,0.24071597118781826,0.5530204191398223,0.517380973216574,1.216363004351565,0.5500725429319335,0.11308644682044315,0.269096254410418,0.5970149253731344,0.6157142857142858,0.44633204633204626
static-dual-branch-matched,0.4528240375284839,0.35600887120000213,0.5386939554158261,0.19310265809218555,0.230120774503956,0.5291998501699995,0.48266473226807954,1.2744817106379838,0.5512894146424384,0.1158652578304851,0.26484935108091445,0.6007462686567164,0.24785714285714286,0.738996138996139
more-har-full-no-accelerometer,0.4456022011617861,0.33642487829905626,0.5441029505588397,0.19276984383964973,0.2070452667807257,0.516178086401967,0.4735595135591675,1.2164872972008147,0.5753634228913345,0.09362809038031583,0.3236787655591694,0.5694029850746269,0.7049999999999998,0.27413127413127414
legacy-bilstm,0.4339129108237951,0.3409165646000293,0.5160614461169198,0.20182773683633687,0.20546468878111482,0.49021273939184395,0.4629282963348202,0.932426630915721,0.5504585807002726,0.08314093520282692,0.3414206737408897,0.5455223880597015,0.3807142857142857,0.5444015444015443
more-har-full-no-gyroscope,0.42184424220229194,0.3266490345688624,0.5048574475302872,0.16608583995640466,0.20629883428930632,0.5146563514473963,0.4470971121216015,1.0103677564588076,0.5584571138957015,0.09008235990859001,0.29670307416475905,0.5552238805970149,0.5864285714285714,0.4023166023166024
deepconvlstm,0.39655004757855883,0.30374467028804797,0.47857727319789173,0.16309523809523807,0.1771210785913756,0.5012036343379627,0.4184413141989648,0.9706988081165926,0.563684379504177,0.0525722643986107,0.31039101211976117,0.5216417910447761,0.7842857142857143,0.19768339768339765
