model_id,participant_id,seed_averaged_macro_f1
compact-coral,11,0.7889517571660438
compact-coral,12,0.5468129502837444
compact-coral,13,0.7516761921685164
compact-coral,14,0.9117538545640654
compact-coral,15,0.8591657267800208
compact-coral,16,0.9005538216752832
compact-coral,17,0.37731385287758756
compact-coral,18,0.27407764609437235
compact-coral,19,0.5119260817697432
compact-coral,20,0.8856503964082381
compact-dann,11,0.7785798906492398
compact-dann,12,0.6224312048325609
compact-dann,13,0.7705092944013748
compact-dann,14,0.9219099148009325
compact-dann,15,0.865211767731932
compact-dann,16,0.9030176484975563
compact-dann,17,0.36540650929645235
compact-dann,18,0.2699333180331205
compact-dann,19,0.5037022699771145
compact-dann,20,0.8077365936386837
compact-erm,11,0.7824880133928775
compact-erm,12,0.5950033156800785
compact-erm,13,0.7650299999776962
compact-erm,14,0.9144031487014918
compact-erm,15,0.8617981204888233
compact-erm,16,0.9056780896346135
compact-erm,17,0.36321239718629683
compact-erm,18,0.2724677438127833
compact-erm,19,0.5061956569265706
compact-erm,20,0.8106602112934919
deepconvlstm,11,0.4962130227415722
deepconvlstm,12,0.472640218036165
deepconvlstm,13,0.4358109216523327
deepconvlstm,14,0.507234822187233
deepconvlstm,15,0.49375813654313455
deepconvlstm,16,0.5181333394971839
deepconvlstm,17,0.16309523809523807
deepconvlstm,18,0.22456164837380807
deepconvlstm,19,0.17867950531316865
deepconvlstm,20,0.4753736233457523
legacy-bilstm,11,0.5631210996843964
legacy-bilstm,12,0.45962495734907505
legacy-bilstm,13,0.48201248995141344
legacy-bilstm,14,0.5747547272527985
legacy-bilstm,15,0.5103281748200266
legacy-bilstm,16,0.5140311266231404
legacy-bilstm,17,0.2058687945527568
legacy-bilstm,18,0.278885406871542
legacy-bilstm,19,0.20182773683633687
legacy-bilstm,20,0.5486745942964645
legacy-cnn1d,11,0.6188777948128174
legacy-cnn1d,12,0.49589306143626405
legacy-cnn1d,13,0.4992620773023767
legacy-cnn1d,14,0.6330942534379297
legacy-cnn1d,15,0.6581765311850134
legacy-cnn1d,16,0.6398978264453397
legacy-cnn1d,17,0.19708343632964304
legacy-cnn1d,18,0.2455640306165044
legacy-cnn1d,19,0.2729683804552168
legacy-cnn1d,20,0.5884022233160013
legacy-joint-cnn-bilstm,11,0.6621915646972675
legacy-joint-cnn-bilstm,12,0.5873062453758875
legacy-joint-cnn-bilstm,13,0.6909239176091255
legacy-joint-cnn-bilstm,14,0.8407125015174091
legacy-joint-cnn-bilstm,15,0.8616621225760352
legacy-joint-cnn-bilstm,16,0.8601951982982307
legacy-joint-cnn-bilstm,17,0.3289955861054824
legacy-joint-cnn-bilstm,18,0.2942991381587873
legacy-joint-cnn-bilstm,19,0.4701970674625171
legacy-joint-cnn-bilstm,20,0.81342083483181
logistic-regression,11,0.7803998261625381
logistic-regression,12,0.7603208447558129
logistic-regression,13,0.605630614002707
logistic-regression,14,0.8745679012345681
logistic-regression,15,0.7930526800092017
logistic-regression,16,0.8910953506698188
logistic-regression,17,0.21516339869281045
logistic-regression,18,0.27151596040484927
logistic-regression,19,0.2652348524532914
logistic-regression,20,0.6406781624172928
more-har-augmentation,11,0.6068371865967811
more-har-augmentation,12,0.5824982932803155
more-har-augmentation,13,0.6392752581780163
more-har-augmentation,14,0.7496975569527347
more-har-augmentation,15,0.7465683827515124
more-har-augmentation,16,0.7298041548156515
more-har-augmentation,17,0.25627290314928575
more-har-augmentation,18,0.2893879109956421
more-har-augmentation,19,0.3521017517269288
more-har-augmentation,20,0.681109640837112
more-har-backbone,11,0.7165268456374864
more-har-backbone,12,0.5983026763022667
more-har-backbone,13,0.7158431750961619
more-har-backbone,14,0.8920620533658911
more-har-backbone,15,0.8913384500339138
more-har-backbone,16,0.8452517321232103
more-har-backbone,17,0.30699146019024276
more-har-backbone,18,0.26304156869964984
more-har-backbone,19,0.4826657485568072
more-har-backbone,20,0.770459150219797
more-har-content,11,0.7606903021316962
more-har-content,12,0.7173448006717107
more-har-content,13,0.7345407303417917
more-har-content,14,0.9266162601167094
more-har-content,15,0.8835037132809374
more-har-content,16,0.9135771634390812
more-har-content,17,0.256551257496369
more-har-content,18,0.2835537083382342
more-har-content,19,0.4977191458547391
more-har-content,20,0.642227492642715
more-har-factorized,11,0.6197832561489911
more-har-factorized,12,0.5903817380448115
more-har-factorized,13,0.6170118543511599
more-har-factorized,14,0.7691380373813854
more-har-factorized,15,0.7340726000607765
more-har-factorized,16,0.7159744969084116
more-har-factorized,17,0.24370506895450292
more-har-factorized,18,0.2876211483041532
more-har-factorized,19,0.36144562899582383
more-har-factorized,20,0.6611198768969271
more-har-full,11,0.7011589384917809
more-har-full,12,0.7065322388129405
more-har-full,13,0.699995952055326
more-har-full,14,0.8857319406046734
more-har-full,15,0.8863006014315122
more-har-full,16,0.8773518079506989
more-har-full,17,0.25839434811261436
more-har-full,18,0.2668303132856493
more-har-full,19,0.4588089472541787
more-har-full,20,0.6122176865592897
more-har-full-no-accelerometer,11,0.6051663870518793
more-har-full-no-accelerometer,12,0.45499227379317786
more-har-full-no-accelerometer,13,0.43050086089934536
more-har-full-no-accelerometer,14,0.6202832772610841
more-har-full-no-accelerometer,15,0.6092803084286571
more-har-full-no-accelerometer,16,0.5914543699559972
more-har-full-no-accelerometer,17,0.22090722090766818
more-har-full-no-accelerometer,18,0.2086314248852897
more-har-full-no-accelerometer,19,0.19276984383964973
more-har-full-no-accelerometer,20,0.522036044595112
more-har-full-no-gyroscope,11,0.5617782581208459
more-har-full-no-gyroscope,12,0.48051064735809046
more-har-full-no-gyroscope,13,0.45342505670388594
more-har-full-no-gyroscope,14,0.536154194713895
more-har-full-no-gyroscope,15,0.4919185084355669
more-har-full-no-gyroscope,16,0.541452285018502
more-har-full-no-gyroscope,17,0.16608583995640466
more-har-full-no-gyroscope,18,0.2601565099244193
more-har-full-no-gyroscope,19,0.21076694477073982
more-har-full-no-gyroscope,20,0.5161941770205696
more-har-groupdro,11,0.7023193638439804
more-har-groupdro,12,0.6261298024700228
more-har-groupdro,13,0.7197165256294216
more-har-groupdro,14,0.8849398779855226
more-har-groupdro,15,0.900941026821887
more-har-groupdro,16,0.8527508122985468
more-har-groupdro,17,0.28889732352404185
more-har-groupdro,18,0.26744997578568636
more-har-groupdro,19,0.4676621396557109
more-har-groupdro,20,0.7243650280502479
random-forest,11,0.5774600877823384
random-forest,12,0.6296507124925128
random-forest,13,0.7301726046232563
random-forest,14,0.9492847781149669
random-forest,15,0.7967965667337252
random-forest,16,0.9258144336747598
random-forest,17,0.17872896010811307
random-forest,18,0.24068115349403074
random-forest,19,0.2721363192791764
random-forest,20,0.8742467600573784
static-dual-branch-matched,11,0.5417796111684723
static-dual-branch-matched,12,0.5090685811688157
static-dual-branch-matched,13,0.5008761469786985
static-dual-branch-matched,14,0.5703328730399999
static-dual-branch-matched,15,0.5474408756428966
static-dual-branch-matched,16,0.5564832569777528
static-dual-branch-matched,17,0.19310265809218555
static-dual-branch-matched,18,0.28299329781588656
static-dual-branch-matched,19,0.23423389854970825
static-dual-branch-matched,20,0.5919291758504227
svm-rbf,11,0.6396103896103896
svm-rbf,12,0.7955379948914431
svm-rbf,13,0.5020045311268716
svm-rbf,14,0.8729623925041714
svm-rbf,15,0.7288267288267288
svm-rbf,16,0.6800110283981251
svm-rbf,17,0.2768542199488491
svm-rbf,18,0.3037167105648229
svm-rbf,19,0.3309704641350211
svm-rbf,20,0.676501182033097
xgboost,11,0.7019023201988847
xgboost,12,0.5940486961342646
xgboost,13,0.7389207010052836
xgboost,14,0.9544557961872056
xgboost,15,0.807847444163242
xgboost,16,0.903039633816692
xgboost,17,0.23005394180053002
xgboost,18,0.2917728658223031
xgboost,19,0.28495454604042647
xgboost,20,0.780912747542698
