model_id,source_configuration_id,source_seed,target_seed_count,source_mean_macro_f1,source_worst_macro_f1,source_lower_decile_macro_f1,target_mean_macro_f1,target_worst_macro_f1,target_lower_decile_macro_f1,source_mean_minus_target_mean_macro_f1,mean_gap_ci_lower,mean_gap_ci_upper,source_mean_minus_target_worst_macro_f1,source_mean_minus_target_lower_decile_macro_f1
compact-coral,compact_residual_96_coral_0p01--68db668cd3d1,11,5,0.7841212311692131,0.5555230455384065,0.5695217040243062,0.6807882279787615,0.27407764609437235,0.366990232199266,0.10333300319045158,-0.06582469252093345,0.27920373481741473,0.5100435850748407,0.41713099896994704
compact-dann,dann_compact_residual_96_established_lambda_0p1_grl_1p0_warmup_10--71935e191997,11,5,0.8004225679388528,0.5710771105227396,0.6069128660931913,0.6808438411858967,0.2699333180331205,0.3558591901701192,0.11957872675295611,-0.037108032962701834,0.28309373942512706,0.5304892499057323,0.4445633777687336
compact-erm,compact_residual_96--2c62b52d708a,11,5,0.7859144928966606,0.5555230455384065,0.5695217040243062,0.6776936697094723,0.2724677438127833,0.3541379318489455,0.10822082318718829,-0.06257539340361992,0.2840073319312868,0.5134467490838772,0.4317765610477151
deepconvlstm,deepconvlstm--b34c04845d41,11,5,0.5945871216734856,0.4456937799043062,0.5143875598086124,0.39655004757855883,0.16309523809523807,0.1771210785913756,0.19803707409492677,0.10244495640937709,0.3015825249273097,0.4314918835782475,0.41746604308211
legacy-bilstm,legacy_bilstm_h192--fb3a1b40113f,11,5,0.6614774248265458,0.5733960085766122,0.5751791198292557,0.4339129108237951,0.20182773683633687,0.20546468878111482,0.22756451400275074,0.13415538939876726,0.3290459870202427,0.45964968799020894,0.456012736045431
legacy-cnn1d,legacy_cnn1d_h128--8e57838b6dcd,11,5,0.7552968469172494,0.5380116959064327,0.5656785642266585,0.4849219615337107,0.19708343632964304,0.24071597118781826,0.2703748853835387,0.13096318482612315,0.41667014956508064,0.5582134105876064,0.5145808757294311
legacy-joint-cnn-bilstm,legacy_joint_bilstm256_cnn128--049dc59665fd,11,5,0.7890094628033719,0.5625802243124381,0.6562580224312438,0.6409904176632553,0.2942991381587873,0.3255259413108129,0.14801904514011666,-0.0036609424363083388,0.3081382806539688,0.49471032464458464,0.463483521492559
logistic-regression,logistic_regression--274ba21c48ba,11,5,0.6266169145525945,0.3707692307692308,0.42091387959866217,0.6097659590802891,0.21516339869281045,0.26022770707724335,0.016850955472305418,-0.15784264719457153,0.2016437716616111,0.41145351585978407,0.36638920747535114
more-har-augmentation,more_har_augmentation--a51fbddd208d,11,5,0.7798924501642931,0.5361831173147226,0.5467027273158879,0.5633553039283979,0.25627290314928575,0.28607641021100644,0.21653714623589515,0.06627849308838606,0.3693333055415561,0.5236195470150073,0.49381603995328666
more-har-backbone,more_har_backbone--b0a97d9f714e,11,5,0.7424577775765654,0.5200416867083533,0.5853375020041687,0.6482482860225428,0.26304156869964984,0.3025964710411835,0.09420949155402258,-0.05765405940731624,0.25630421965267086,0.47941620887691555,0.4398613065353819
more-har-content,more_har_augmentation_plus_content--a43106244ae1,11,5,0.7905649035254669,0.5188536953242836,0.5449086253463817,0.6616324574313983,0.256551257496369,0.28085346325404764,0.12893244609406862,-0.04444015218892487,0.3075327310687236,0.534013646029098,0.5097114402714193
more-har-factorized,more_har_augmentation_plus_content_plus_factorization--34ed274093cd,11,5,0.7345915025194353,0.530262383039979,0.5593924354870965,0.5600253706046943,0.24370506895450292,0.2832295403691882,0.17456613191474102,0.02570176217972105,0.3306141971368601,0.49088643356493233,0.4513619621502471
more-har-full,more_har_full--fa82e7d61587,11,5,0.7923957998638927,0.5467501815541032,0.5601544702102048,0.6353322774558664,0.25839434811261436,0.26598671676834584,0.15706352240802635,-0.011691580980017104,0.33106029242554164,0.5340014517512783,0.5264090830955469
more-har-full-no-accelerometer,more_har_full_zero_channels_0_1_2--6207c4fa1638,11,5,0.6563135771058454,0.5206552706552706,0.5750924463078002,0.4456022011617861,0.19276984383964973,0.2070452667807257,0.21071137594405925,0.09219761649568671,0.3380257698278197,0.46354373326619563,0.44926831032511966
more-har-full-no-gyroscope,more_har_full_zero_channels_3_4_5--4cfb458c7d46,11,5,0.5837828414633085,0.3036657169990504,0.4773053472101092,0.42184424220229194,0.16608583995640466,0.20629883428930632,0.16193859926101656,0.03363839088422427,0.3017847897247277,0.4176970015069038,0.3774840071740022
more-har-groupdro,more_har_groupdro--26d4d21386e6,11,5,0.7847152355772866,0.5925925925925926,0.6304777550720573,0.6435171876065068,0.26744997578568636,0.2867525887502063,0.14119804797077984,-0.00540728591064397,0.2985504940674461,0.5172652597916003,0.4979626468270803
random-forest,random_forest--92126a61caee,11,5,0.7035195790276182,0.492750913924892,0.5277512818686796,0.6174972376360258,0.17872896010811307,0.23448593415543897,0.08602234139159237,-0.10708682053003692,0.28677054504815885,0.5247906189195051,0.46903364487217925
static-dual-branch-matched,static_dual_branch_matched--56e188fb9b96,11,5,0.6506983301650725,0.49659863945578236,0.5489358820451257,0.4528240375284839,0.19310265809218555,0.230120774503956,0.19787429263658862,0.08797381457831929,0.3179243916954689,0.457595672072887,0.42057755566111654
svm-rbf,svm_rbf--78919913d9ed,11,5,0.6776374656863071,0.352140856342537,0.5253433959790813,0.580699564203952,0.2768542199488491,0.30103046150322554,0.09693790148235515,-0.07022087854226428,0.2634628091494803,0.400783245737458,0.3766070041830816
xgboost,xgboost--e3184e63de22,11,5,0.6728155535710119,0.4829778065072183,0.5282977806507219,0.628790869271153,0.23005394180053002,0.27946448561643683,0.04402468429985884,-0.13625582622679236,0.23184317852599617,0.44276161177048184,0.39335106795457503
