model_id,participant_id,seed_mean_macro_f1,seed_standard_deviation_macro_f1,seed_11_macro_f1,seed_23_macro_f1,seed_47_macro_f1,seed_89_macro_f1,seed_131_macro_f1
compact-erm,11,0.6228402180509379,0.10747202024710972,0.6222222222222222,0.6215106732348111,0.4491903010324751,0.6929292929292928,0.7283486008358881
compact-erm,12,0.6014564724264081,0.10793627533312203,0.525593891402715,0.53125,0.5413727219282775,0.6301778752436648,0.7788878735573831
compact-erm,13,0.5578307833525713,0.1352105454385725,0.45921004060538945,0.4757915523330123,0.4786324786324787,0.7789617486338797,0.5965580965580966
compact-erm,14,0.8758870344691925,0.026988831132256672,0.843363871270848,0.8972839506172838,0.8707902826895961,0.9089026915113871,0.8590943762568477
compact-erm,15,0.7167348814966797,0.14772543487196194,0.5357384823848238,0.5949148890325361,0.7480947701714161,0.8829889439573008,0.8219373219373219
compact-erm,16,0.885812101113633,0.06205623286206137,0.9152807141179234,0.9308699724806404,0.9019697933601941,0.9042368233742897,0.7767032022351171
compact-erm,17,0.30514321229771657,0.11694056497258767,0.1825696316262354,0.19877363311190596,0.29625265339551055,0.42380320346422035,0.42431693989071045
compact-erm,18,0.2536959815585272,0.0448128526497745,0.23445378151260507,0.2903685143729505,0.2185343691367788,0.3121806298276886,0.21294261294261294
compact-erm,19,0.405810287702929,0.13369642379067528,0.2875836117003552,0.460294291413836,0.27649769585253453,0.6003072196620584,0.4043686198858613
compact-erm,20,0.8418187779260398,0.1454413211848451,0.582719163614813,0.9278188286808978,0.9027330230337749,0.9042665402633118,0.8915563340374014
deepconvlstm,11,0.46150295817821824,0.007292128576139013,0.47157534246575344,0.46448651749856573,0.4558316080055211,0.4531784005468216,0.46244292237442924
deepconvlstm,12,0.4439619434921913,0.03130087984434703,0.4428214731585518,0.4244751664106503,0.4788036089482141,0.4701937406855439,0.40351572825799636
deepconvlstm,13,0.41109023512095205,0.023167280249169718,0.3951930654058314,0.3951930654058314,0.4461496300356262,0.42372234935164,0.3951930654058314
deepconvlstm,14,0.5118527913446244,0.02432665546715085,0.5125815470643057,0.5375939849624061,0.4724310776942356,0.5125815470643057,0.5240757999378689
deepconvlstm,15,0.5456327985739751,0.0,0.5456327985739751,0.5456327985739751,0.5456327985739751,0.5456327985739751,0.5456327985739751
deepconvlstm,16,0.5329582920888087,0.016803072693308076,0.5288888888888889,0.558974358974359,0.5120922095296901,0.532418001525553,0.532418001525553
deepconvlstm,17,0.2390844581622411,0.044662872094215454,0.2783216783216783,0.22664700098328416,0.26189347241978816,0.26189347241978816,0.16666666666666666
deepconvlstm,18,0.19019982181494205,0.014115943958761546,0.19651266386661573,0.16494845360824742,0.19651266386661573,0.19651266386661573,0.19651266386661573
deepconvlstm,19,0.19179487179487179,0.01138510801730663,0.19688644688644688,0.1714285714285714,0.19688644688644688,0.19688644688644688,0.19688644688644688
deepconvlstm,20,0.47260639505978563,0.07244285882638778,0.5163739914570479,0.3737373737373737,0.5262745098039215,0.5299794336339186,0.4166666666666667
more-har-backbone,11,0.65177198632663,0.064324009414498,0.6228597248526684,0.5763436368699527,0.7238815195169496,0.7142866201246615,0.6214884302689181
more-har-backbone,12,0.5229147503607943,0.021327664018683124,0.5168796069764051,0.5077737077737078,0.5573394928233638,0.5044376693766938,0.5281432748538012
more-har-backbone,13,0.5394783629057257,0.08326502686178981,0.4903450459006014,0.4933008796936909,0.687121635994294,0.5103174603174603,0.5163067926225821
more-har-backbone,14,0.8690659872640222,0.012320234970404824,0.8806911479325272,0.8590951532128003,0.8606439393939395,0.8606439393939395,0.8842557563869039
more-har-backbone,15,0.6246118358398953,0.0940755171705075,0.5709177294323581,0.5653733098177542,0.7871991072851906,0.6256798756798757,0.5738891569842979
more-har-backbone,16,0.8812684493040057,0.01578388307480947,0.8999607759235486,0.8882546729383578,0.8583095916429251,0.8740988717076713,0.885718334307526
more-har-backbone,17,0.25957569272572517,0.08020904077195577,0.20180363280968008,0.22881133560745212,0.3965943965943966,0.20794373851194756,0.26272536010514935
more-har-backbone,18,0.2437195336575942,0.01378217821428388,0.22482658452908622,0.2541713014460512,0.2523868825238688,0.23315508021390374,0.25405781957506096
more-har-backbone,19,0.32594381524612226,0.12705935430742624,0.2660215053763441,0.2660215053763441,0.5214424951267057,0.1978021978021978,0.3784313725490196
more-har-backbone,20,0.7079732360722416,0.1790602582053892,0.5673180365773375,0.5470992567766761,0.9012345679012346,0.6217948717948718,0.9024194473110881
