run,status,sample_count,class_count,accuracy,macro_f1,negative_log_likelihood,multiclass_brier_score,top_label_ece_15_equal_width_bins,saved_best_val_loss,saved_best_epoch,all_checks_pass
00_bilstm__seed42/20251029-175423,legacy exploratory/development-consumed,2947,6,0.9012555140821175,0.9009366107263305,0.38057584134053724,0.15687726447053238,0.05009261567510915,0.09934343786343285,26,True
01_bilstm_th__seed42/20251029-175505,legacy exploratory/development-consumed,2947,6,0.9219545300305395,0.9211273999318631,0.222779414322551,0.11055452091091515,0.031206861962534208,0.07763916513194209,29,True
02_bilstm_h256_th__seed42/20251029-175550,legacy exploratory/development-consumed,2947,6,0.9243298269426535,0.9235484888542401,0.22605046595392794,0.11055661666766967,0.03386420037813576,0.07496047117139983,28,True
03_bilstm_th_ls005_jit025_f003__seed42/20251029-175636,legacy exploratory/development-consumed,2947,6,0.9294197488971836,0.9292498491126447,0.21475564986884185,0.09992268806184476,0.04667035453110015,0.3155408605285313,29,True
04_bilstm_th_classw__seed42/20251029-175722,legacy exploratory/development-consumed,2947,6,0.9246691550729556,0.9240776499583828,0.21907790275524025,0.10879881224795562,0.029661298445373768,0.07282343280056248,29,True
05_cnn1d__seed42/20251029-175809,legacy exploratory/development-consumed,2947,6,0.9189005768578216,0.9194525686157577,0.32311059661233377,0.13025180684485219,0.03514988673392663,0.053428687803123306,40,True
06_ensemble_bilstm256_cnn128__seed42/20251029-175841,legacy exploratory/development-consumed,2947,6,0.9436715303698676,0.9429013197076944,0.20703771556196565,0.08780309994821213,0.018957407849903674,0.038660466509020844,36,True
06b_ensemble_bilstm512_cnn256__seed42/20251029-180001,legacy exploratory/development-consumed,2947,6,0.9399389209365456,0.9398579344669177,0.2284621178857097,0.09741881473722275,0.03253003119572892,0.026563500418611195,29,True
06b_ensemble_bilstm512_cnn256__seed42__seed1337/20251029-180202,legacy exploratory/development-consumed,2947,6,0.9392602646759416,0.9389816631508644,0.20151249670294075,0.090531499873167,0.03281893042899971,0.023424265015384426,33,True
06b_ensemble_bilstm512_cnn256__seed42__seed2025/20251029-180413,legacy exploratory/development-consumed,2947,6,0.9446895147607737,0.9449806770264386,0.20991379379728037,0.08730270174422021,0.029747395736709203,0.02321376019845838,36,True
