model_id,k,source,participant_count,mean_participant_macro_f1,mean_ci_lower,mean_ci_upper,worst_participant_macro_f1,worst_ci_lower,worst_ci_upper,lower_decile_participant_macro_f1,lower_decile_ci_lower,lower_decile_ci_upper
compact-coral,0,locked_zero_shot_k0,10,0.6807882279787615,0.5376807878490977,0.8152912535121245,0.27407764609437235,0.27407764609437235,0.5468129502837444,0.366990232199266,0.27407764609437235,0.7277011811286391
compact-coral,1,few_person_v1_1,10,0.6350401916590045,0.5682970267732439,0.7017761013258329,0.4502039978137538,0.4502039978137538,0.5760347532754461,0.5119937985819347,0.4502039978137538,0.5958442264640634
compact-coral,2,few_person_v1_1,10,0.6914941584545047,0.5836303474530634,0.7822668465848717,0.322783681809634,0.322783681809634,0.6989219844054694,0.4601494126010847,0.322783681809634,0.7127219812712741
compact-coral,4,few_person_v1_1,10,0.7468011366101577,0.6437876881716589,0.8340057235295656,0.3945376830128832,0.3945376830128832,0.7531126249138943,0.5276279974269468,0.3945376830128832,0.8004398757900086
compact-dann,0,locked_zero_shot_k0,10,0.6808438411858967,0.5391426479520744,0.8093204102672252,0.2699333180331205,0.2699333180331205,0.6224312048325609,0.3558591901701192,0.2699333180331205,0.7438285919589488
compact-dann,1,few_person_v1_1,10,0.6705958418574818,0.5942839881762404,0.7497413901101723,0.4885823521981341,0.4885823521981341,0.574111379187362,0.5162324638502811,0.4885823521981341,0.6276725502992863
compact-dann,2,few_person_v1_1,10,0.682059921675988,0.574421523792582,0.7715993833316578,0.3070900683686426,0.3070900683686426,0.6902977865046009,0.46639086049289025,0.3070900683686426,0.7027322986439849
compact-dann,4,few_person_v1_1,10,0.7487409777837469,0.6473036057985007,0.8358886690094934,0.40182378041403394,0.40182378041403394,0.7605961340024339,0.5289734809481267,0.40182378041403394,0.782153246684961
compact-erm,0,locked_zero_shot_k0,10,0.6776936697094723,0.5373298669463178,0.8065321450798044,0.2724677438127833,0.2724677438127833,0.5950033156800785,0.3541379318489455,0.2724677438127833,0.7391465656725836
compact-erm,1,few_person_v1_1,10,0.6744283892868735,0.5962552889174628,0.7548301967446106,0.48024417910332823,0.48024417910332823,0.5967094874411228,0.5099350439813864,0.48024417910332823,0.6233830148013019
compact-erm,2,few_person_v1_1,10,0.6808445770181144,0.5697284667993944,0.7752947168180547,0.3098105854711822,0.3098105854711822,0.6969504975637786,0.45470812935936844,0.3098105854711822,0.6969504975637786
compact-erm,4,few_person_v1_1,10,0.7362976236398276,0.6398454983007237,0.8202545868652202,0.4064716331751093,0.4064716331751093,0.7008714926604109,0.5298181235304208,0.4064716331751093,0.7720183296382354
deepconvlstm,0,locked_zero_shot_k0,10,0.39655004757855883,0.30374467028804797,0.47857727319789173,0.16309523809523807,0.16309523809523807,0.4358109216523327,0.1771210785913756,0.16309523809523807,0.44783236106992935
deepconvlstm,1,few_person_v1_1,10,0.4078391923955995,0.35484555129605194,0.45187095273039346,0.21361244566460763,0.21361244566460763,0.40339849887549883,0.33192527045753134,0.21361244566460763,0.4136568372303798
deepconvlstm,2,few_person_v1_1,10,0.43064080339804034,0.37400015790304386,0.47560890532206324,0.22123190342841798,0.22123190342841798,0.4389069651494911,0.3592904315534383,0.22123190342841798,0.44288630174486665
deepconvlstm,4,few_person_v1_1,10,0.4748349089491023,0.4288230741273548,0.5167838121925362,0.3404451353235245,0.3404451353235245,0.471848502360616,0.38470735134048245,0.3404451353235245,0.4817216867494737
legacy-bilstm,0,locked_zero_shot_k0,10,0.4339129108237951,0.3409165646000293,0.5160614461169198,0.20182773683633687,0.20182773683633687,0.45962495734907505,0.20546468878111482,0.20182773683633687,0.4616997816434263
legacy-bilstm,1,few_person_v1_1,10,0.47841423391772775,0.42383100152386155,0.5266701387792149,0.3174091281503007,0.3174091281503007,0.4692675698680146,0.350398375010129,0.3174091281503007,0.5007153885702177
legacy-bilstm,2,few_person_v1_1,10,0.4772052186931071,0.3946587420060764,0.5508983020259736,0.2632703054067372,0.2632703054067372,0.525393990249611,0.26461825469203976,0.2632703054067372,0.525393990249611
legacy-bilstm,4,few_person_v1_1,10,0.5232191526058768,0.4557498682465765,0.587364935658652,0.3248849564194678,0.3248849564194678,0.536477193661009,0.38873559883882586,0.3248849564194678,0.536477193661009
legacy-cnn1d,0,locked_zero_shot_k0,10,0.4849219615337107,0.3733151486643973,0.58416006667323,0.19708343632964304,0.19708343632964304,0.49589306143626405,0.24071597118781826,0.19708343632964304,0.49589306143626405
legacy-cnn1d,1,few_person_v1_1,10,0.23200055835089622,0.1773409152614248,0.3025361690477289,0.1490776490776491,0.1490776490776491,0.16494845360824742,0.1560842354960002,0.1490776490776491,0.18884841593403037
legacy-cnn1d,2,few_person_v1_1,10,0.30087156943762927,0.22753799775372624,0.38156620237389816,0.16822291021671826,0.16822291021671826,0.2060007604823965,0.1822164096726712,0.16822291021671826,0.255242363792638
legacy-cnn1d,4,few_person_v1_1,10,0.4968326240632336,0.36999955187929123,0.6137321255731153,0.19707240843824617,0.19707240843824617,0.4943076518268989,0.21136268719137005,0.19707240843824617,0.5088828549470781
legacy-joint-cnn-bilstm,0,locked_zero_shot_k0,10,0.6409904176632553,0.5090613252331238,0.763294976069625,0.2942991381587873,0.2942991381587873,0.5873062453758875,0.3255259413108129,0.2942991381587873,0.6429921149737925
legacy-joint-cnn-bilstm,1,few_person_v1_1,10,0.6364675153240941,0.5524161836582434,0.7129440478027884,0.3835814487965787,0.3835814487965787,0.616262613384818,0.4484179986870399,0.3835814487965787,0.6768981047020517
legacy-joint-cnn-bilstm,2,few_person_v1_1,10,0.6445234549809127,0.5539318878247824,0.7191648075601372,0.3224249975764578,0.3224249975764578,0.646708115437906,0.4801136997106432,0.3224249975764578,0.6556795239227476
legacy-joint-cnn-bilstm,4,few_person_v1_1,10,0.7217220446319644,0.6265419340512526,0.8022675261850741,0.37561405827397176,0.37561405827397176,0.6800321728313226,0.5986441949182719,0.37561405827397176,0.6933909117585156
more-har-augmentation,0,locked_zero_shot_k0,10,0.5633553039283979,0.44449640121522055,0.6708136750789773,0.25627290314928575,0.25627290314928575,0.5824982932803155,0.28607641021100644,0.25627290314928575,0.5824982932803155
more-har-augmentation,1,few_person_v1_1,10,0.4973846546440364,0.4374671657072727,0.5480973518049879,0.31604246426797394,0.31604246426797394,0.4948228057110242,0.3374986494816591,0.31604246426797394,0.5196028385439884
more-har-augmentation,2,few_person_v1_1,10,0.6599001646879092,0.5552389493529692,0.7487278861207651,0.2939552610299003,0.2939552610299003,0.6495791083514513,0.4705683454725505,0.2939552610299003,0.6731356098731481
more-har-augmentation,4,few_person_v1_1,10,0.7509339501595989,0.6502224868226797,0.8376438869732176,0.41068427088014364,0.41068427088014364,0.701700282146601,0.5803486368599602,0.41068427088014364,0.770084410232237
more-har-backbone,0,locked_zero_shot_k0,10,0.6482482860225428,0.5068973211836438,0.7773737677473016,0.26304156869964984,0.26304156869964984,0.5983026763022667,0.3025964710411835,0.26304156869964984,0.6925254324422264
more-har-backbone,1,few_person_v1_1,10,0.5922042833085659,0.528431677541682,0.6442282530879067,0.4079359213262633,0.4079359213262633,0.6187115687476817,0.4171322852745374,0.4079359213262633,0.6187115687476817
more-har-backbone,2,few_person_v1_1,10,0.7059702078350754,0.5877745171094975,0.8060897633626416,0.2969930939430668,0.2969930939430668,0.7367397944804819,0.4835676707058694,0.2969930939430668,0.7367397944804819
more-har-backbone,4,few_person_v1_1,10,0.7427776522260852,0.6513468207128128,0.8253822009601506,0.44171049761165654,0.44171049761165654,0.7424804888439585,0.5860182765973343,0.44171049761165654,0.7424804888439585
more-har-content,0,locked_zero_shot_k0,10,0.6616324574313983,0.5115897419097124,0.7946684856675049,0.256551257496369,0.256551257496369,0.642227492642715,0.28085346325404764,0.256551257496369,0.6953822351900135
more-har-content,1,few_person_v1_1,10,0.6590413720552329,0.5864107711468396,0.7211508265462815,0.44022651886175623,0.44022651886175623,0.62728421352618,0.48216380642335693,0.44022651886175623,0.6845933097274459
more-har-content,2,few_person_v1_1,10,0.6859904228235153,0.5846770057109927,0.7674220915933894,0.3271461358265767,0.3271461358265767,0.676563619781125,0.4865772805246925,0.3271461358265767,0.6995621356968184
more-har-content,4,few_person_v1_1,10,0.7593111874673125,0.6593488670294381,0.8466265520012848,0.4202744960763106,0.4202744960763106,0.7156834712084799,0.5783644474852788,0.4202744960763106,0.7822139943666682
more-har-factorized,0,locked_zero_shot_k0,10,0.5600253706046943,0.4407632641171654,0.6666534477079562,0.24370506895450292,0.24370506895450292,0.5903817380448115,0.2832295403691882,0.24370506895450292,0.5914552318156263
more-har-factorized,1,few_person_v1_1,10,0.5073424407157351,0.4504058521975599,0.5553078715144155,0.327945879992847,0.327945879992847,0.4997250582356966,0.36494504617251067,0.327945879992847,0.517243946711858
more-har-factorized,2,few_person_v1_1,10,0.660799550402442,0.5565916246952731,0.7515961405529724,0.30958106252006334,0.30958106252006334,0.6458068360592661,0.4590851645050801,0.30958106252006334,0.6777044642460528
more-har-factorized,4,few_person_v1_1,10,0.7513490521388188,0.6501764949957656,0.8374007033811264,0.4074945262859441,0.4074945262859441,0.6970143433555781,0.5670411051163106,0.4074945262859441,0.7748373341676013
more-har-full,0,locked_zero_shot_k0,10,0.6353322774558664,0.49113320880655525,0.766544870383485,0.25839434811261436,0.25839434811261436,0.6122176865592897,0.26598671676834584,0.25839434811261436,0.6617395396558401
more-har-full,1,few_person_v1_1,10,0.616056628000597,0.5545133333592484,0.6685884990962367,0.4244922335265854,0.4244922335265854,0.6410766290721759,0.4718392161663108,0.4244922335265854,0.6410766290721759
more-har-full,2,few_person_v1_1,10,0.693510487506862,0.582003376111248,0.7866516755542508,0.31298104831743057,0.31298104831743057,0.7091313594527462,0.4736160737599023,0.31298104831743057,0.7091313594527462
more-har-full,4,few_person_v1_1,10,0.751407596413805,0.6578717063363086,0.8339239653612419,0.43812860974113566,0.43812860974113566,0.7358642368780489,0.5913780023524905,0.43812860974113566,0.7621944373656466
more-har-full-no-accelerometer,0,locked_zero_shot_k0,10,0.4456022011617861,0.33642487829905626,0.5441029505588397,0.19276984383964973,0.19276984383964973,0.43050086089934536,0.2070452667807257,0.19276984383964973,0.4315837685046269
more-har-full-no-accelerometer,1,few_person_v1_1,10,0.43898872998690014,0.3660632679918586,0.5021914261000131,0.20341134402835145,0.20341134402835145,0.42737834550538445,0.3258061367898658,0.20341134402835145,0.4430478187135824
more-har-full-no-accelerometer,2,few_person_v1_1,10,0.4817392275970679,0.4169754146764798,0.5356987658506175,0.28232690652563186,0.28232690652563186,0.48342005521417286,0.31315639905508974,0.28232690652563186,0.5049776266539958
more-har-full-no-accelerometer,4,few_person_v1_1,10,0.5355194953887534,0.4502660829401681,0.6180367585569257,0.3003329741218097,0.3003329741218097,0.5212260883706225,0.33534432489117244,0.3003329741218097,0.5219186806205574
more-har-full-no-gyroscope,0,locked_zero_shot_k0,10,0.42184424220229194,0.3266490345688624,0.5048574475302872,0.16608583995640466,0.16608583995640466,0.45342505670388594,0.20629883428930632,0.16608583995640466,0.45847523361472337
more-har-full-no-gyroscope,1,few_person_v1_1,10,0.454677308423271,0.3655589990911296,0.5353226717188123,0.23782838428145112,0.23782838428145112,0.4517006154917295,0.24252766071687049,0.23782838428145112,0.4761670626356293
more-har-full-no-gyroscope,2,few_person_v1_1,10,0.44423425541816847,0.3526542031463067,0.5281002942467345,0.17232287880827385,0.17232287880827385,0.5121835113740847,0.2583362287675269,0.17232287880827385,0.5121835113740847
more-har-full-no-gyroscope,4,few_person_v1_1,10,0.46109289930059205,0.3655533708111799,0.547071117432972,0.22531542430996088,0.22531542430996088,0.4730888945452067,0.24496618863703948,0.22531542430996088,0.4967271540214828
more-har-groupdro,0,locked_zero_shot_k0,10,0.6435171876065068,0.5009282630356928,0.7721409455564062,0.26744997578568636,0.26744997578568636,0.6261298024700228,0.2867525887502063,0.26744997578568636,0.6788536414251535
more-har-groupdro,1,few_person_v1_1,10,0.6062371696124046,0.5409205285850531,0.6582040464501244,0.421842806362028,0.421842806362028,0.6281656041079665,0.42613747499335564,0.421842806362028,0.6327686204545996
more-har-groupdro,2,few_person_v1_1,10,0.701569808776909,0.5846352692517501,0.7985951757348979,0.29601910601649506,0.29601910601649506,0.7335896729460684,0.48340809624638015,0.29601910601649506,0.7335896729460684
more-har-groupdro,4,few_person_v1_1,10,0.7435052667177765,0.64721765545902,0.8283704040814275,0.4159687564985921,0.4159687564985921,0.7248827609341075,0.5806704685437202,0.4159687564985921,0.7572087672847672
static-dual-branch-matched,0,locked_zero_shot_k0,10,0.4528240375284839,0.35600887120000213,0.5386939554158261,0.19310265809218555,0.19310265809218555,0.5008761469786985,0.230120774503956,0.19310265809218555,0.5008761469786985
static-dual-branch-matched,1,few_person_v1_1,10,0.4786978671967749,0.4070404135462568,0.5456914982579374,0.27515175702322103,0.27515175702322103,0.5066579032019761,0.330021568676887,0.27515175702322103,0.5066579032019761
static-dual-branch-matched,2,few_person_v1_1,10,0.5699526685402407,0.5073977101390492,0.6212797617226816,0.3333090400255717,0.3333090400255717,0.5698710348832163,0.4856620773463128,0.3333090400255717,0.5785312395433572
static-dual-branch-matched,4,few_person_v1_1,10,0.725217063172299,0.6119166787567094,0.8247020671722933,0.3857429792772181,0.3857429792772181,0.7423942944395223,0.4970759977131375,0.3857429792772181,0.7531901103145439
